"pm_10","pm_25","timesofday"
"331.96637","282.92276","Morning"
"381.802","332.8371","Night"
"302.69052","260.283","Afternoon"
"335.77588","285.6778","Evening"